Employee_ID,Employee_Name,Department_ID,Designation,Join_Date,Base_Salary
1,Employee_1,4,Analyst,2020-12-18,58721
2,Employee_2,4,Analyst,2020-11-26,30192
3,Employee_3,3,Executive,2019-08-10,87361
4,Employee_4,2,Engineer,2021-10-27,67263
5,Employee_5,3,Engineer,2022-08-19,106905
6,Employee_6,4,Analyst,2022-04-09,28490
7,Employee_7,4,Manager,2024-05-26,38038
8,Employee_8,2,Manager,2020-09-17,117956
9,Employee_9,1,Executive,2023-08-17,93266
10,Employee_10,5,Engineer,2019-09-26,96863
11,Employee_11,4,Engineer,2024-06-30,37323
12,Employee_12,5,Executive,2021-09-16,106791
13,Employee_13,1,Engineer,2019-09-02,78608
14,Employee_14,6,Executive,2023-07-15,28677
15,Employee_15,3,Analyst,2021-11-29,76648
16,Employee_16,6,Engineer,2019-06-13,117322
17,Employee_17,2,Analyst,2019-11-11,110186
18,Employee_18,2,Engineer,2019-11-02,58815
19,Employee_19,6,Engineer,2019-04-15,85574
20,Employee_20,2,Analyst,2019-07-31,55873
21,Employee_21,4,Executive,2021-08-11,79230
22,Employee_22,1,Manager,2024-02-16,31790
23,Employee_23,1,Analyst,2023-12-24,115327
24,Employee_24,2,Engineer,2020-05-27,92602
25,Employee_25,4,Engineer,2022-12-03,51676
26,Employee_26,5,Executive,2023-08-03,68654
27,Employee_27,3,Analyst,2024-03-30,108402
28,Employee_28,1,Analyst,2023-03-08,84410
29,Employee_29,2,Manager,2023-10-24,111513
30,Employee_30,3,Analyst,2023-04-11,34077
31,Employee_31,3,Executive,2022-07-11,89374
32,Employee_32,3,Engineer,2020-08-04,53094
33,Employee_33,5,Analyst,2023-02-10,75067
34,Employee_34,3,Engineer,2022-03-02,86859
35,Employee_35,6,Executive,2020-02-02,23924
36,Employee_36,6,Engineer,2020-10-31,57287
37,Employee_37,4,Engineer,2021-06-18,90832
38,Employee_38,6,Analyst,2024-05-06,38314
39,Employee_39,1,Executive,2019-05-29,69641
40,Employee_40,3,Executive,2019-07-01,78918
41,Employee_41,1,Analyst,2024-10-31,74016
42,Employee_42,2,Executive,2020-03-06,107295
43,Employee_43,3,Manager,2019-10-03,37873
44,Employee_44,3,Engineer,2019-11-26,53586
45,Employee_45,3,Manager,2022-02-01,34149
46,Employee_46,6,Engineer,2022-11-06,61048
47,Employee_47,6,Analyst,2018-04-29,98731
48,Employee_48,3,Engineer,2024-02-06,113524
49,Employee_49,6,Engineer,2020-10-20,77401
50,Employee_50,1,Analyst,2023-10-30,113199
51,Employee_51,5,Analyst,2022-01-23,50059
52,Employee_52,6,Manager,2020-10-28,109784
53,Employee_53,4,Analyst,2022-07-23,24315
54,Employee_54,4,Analyst,2019-10-20,106433
55,Employee_55,5,Analyst,2023-09-26,42056
56,Employee_56,6,Analyst,2020-07-28,50627
57,Employee_57,5,Executive,2023-01-06,97634
58,Employee_58,3,Manager,2022-06-23,118452
59,Employee_59,1,Manager,2022-05-22,39886
60,Employee_60,1,Analyst,2022-12-17,43773
61,Employee_61,4,Engineer,2018-12-09,36887
62,Employee_62,2,Engineer,2020-03-05,78113
63,Employee_63,6,Analyst,2018-03-01,96164
64,Employee_64,1,Analyst,2021-02-05,39861
65,Employee_65,4,Manager,2023-05-02,29720
66,Employee_66,2,Analyst,2022-03-29,28799
67,Employee_67,2,Executive,2018-08-11,92375
68,Employee_68,4,Executive,2023-06-10,40776
69,Employee_69,4,Engineer,2023-09-24,50575
70,Employee_70,4,Manager,2022-08-03,35559
71,Employee_71,3,Manager,2024-05-16,26679
72,Employee_72,3,Analyst,2021-05-21,86920
73,Employee_73,5,Manager,2023-06-06,34212
74,Employee_74,3,Analyst,2020-04-10,85768
75,Employee_75,4,Executive,2019-06-22,51772
76,Employee_76,5,Executive,2023-07-03,97396
77,Employee_77,3,Manager,2018-07-06,43304
78,Employee_78,3,Manager,2020-05-25,63797
79,Employee_79,5,Manager,2019-05-31,60948
80,Employee_80,3,Executive,2024-01-29,32042
81,Employee_81,6,Manager,2021-12-04,95594
82,Employee_82,3,Executive,2020-10-08,78530
83,Employee_83,6,Analyst,2024-07-15,67141
84,Employee_84,3,Engineer,2019-05-20,33481
85,Employee_85,3,Analyst,2022-09-07,81160
86,Employee_86,6,Engineer,2024-06-23,109968
87,Employee_87,6,Executive,2019-04-17,65918
88,Employee_88,6,Executive,2020-06-06,30874
89,Employee_89,5,Analyst,2023-04-15,53236
90,Employee_90,2,Analyst,2024-10-28,42758
91,Employee_91,1,Executive,2019-10-31,85896
92,Employee_92,5,Manager,2018-08-09,109821
93,Employee_93,3,Engineer,2019-02-10,46453
94,Employee_94,4,Executive,2020-04-02,59150
95,Employee_95,3,Manager,2024-08-18,114742
96,Employee_96,2,Manager,2021-02-14,102902
97,Employee_97,3,Analyst,2022-05-08,29220
98,Employee_98,1,Engineer,2019-04-12,66947
99,Employee_99,5,Executive,2022-11-17,99975
100,Employee_100,5,Engineer,2023-12-28,55007
101,Employee_101,3,Manager,2024-08-30,51458
102,Employee_102,2,Analyst,2021-06-28,90158
103,Employee_103,5,Executive,2020-06-11,105585
104,Employee_104,4,Analyst,2024-03-23,112590
105,Employee_105,1,Executive,2023-12-31,111400
106,Employee_106,1,Engineer,2022-07-28,107167
107,Employee_107,2,Engineer,2020-06-03,81336
108,Employee_108,5,Manager,2021-08-02,39698
109,Employee_109,6,Executive,2021-07-02,106657
110,Employee_110,6,Engineer,2018-01-02,23950
111,Employee_111,2,Manager,2024-01-29,53588
112,Employee_112,5,Engineer,2023-06-18,49643
113,Employee_113,3,Executive,2018-02-24,63159
114,Employee_114,6,Engineer,2022-09-08,65996
115,Employee_115,2,Manager,2018-09-05,114962
116,Employee_116,2,Manager,2021-10-07,24355
117,Employee_117,6,Manager,2019-05-18,74411
118,Employee_118,1,Executive,2019-12-23,39535
119,Employee_119,4,Engineer,2023-03-01,44911
120,Employee_120,4,Executive,2021-08-11,50096
121,Employee_121,6,Analyst,2020-04-07,76810
122,Employee_122,4,Executive,2023-05-30,50440
123,Employee_123,6,Manager,2024-02-01,76882
124,Employee_124,2,Analyst,2019-02-07,81959
125,Employee_125,6,Executive,2021-08-18,23537
126,Employee_126,3,Manager,2019-03-08,57829
127,Employee_127,5,Executive,2021-07-23,87342
128,Employee_128,6,Analyst,2020-08-24,108871
129,Employee_129,2,Engineer,2022-09-10,41049
130,Employee_130,1,Manager,2019-10-03,70928
131,Employee_131,3,Executive,2021-04-06,90771
132,Employee_132,6,Executive,2022-02-08,61035
133,Employee_133,3,Analyst,2022-12-19,81080
134,Employee_134,4,Executive,2021-02-26,115432
135,Employee_135,5,Executive,2023-11-23,95131
136,Employee_136,2,Executive,2018-04-29,110756
137,Employee_137,1,Engineer,2024-02-27,95367
138,Employee_138,3,Engineer,2019-10-14,57120
139,Employee_139,1,Analyst,2018-03-16,106831
140,Employee_140,1,Executive,2024-08-06,45012
141,Employee_141,3,Manager,2018-02-22,119501
142,Employee_142,5,Executive,2018-03-15,103560
143,Employee_143,1,Engineer,2024-05-10,84163
144,Employee_144,3,Manager,2024-01-11,45038
145,Employee_145,1,Engineer,2020-01-24,74672
146,Employee_146,5,Executive,2024-08-26,61692
147,Employee_147,6,Executive,2023-03-24,58650
148,Employee_148,2,Analyst,2024-05-17,95568
149,Employee_149,5,Analyst,2022-02-04,23718
150,Employee_150,3,Engineer,2019-12-24,111414
151,Employee_151,4,Manager,2022-10-22,92840
152,Employee_152,3,Analyst,2018-05-20,110285
153,Employee_153,3,Manager,2022-03-22,95732
154,Employee_154,3,Analyst,2018-04-13,82745
155,Employee_155,3,Engineer,2021-03-13,66465
156,Employee_156,6,Analyst,2018-07-19,30084
157,Employee_157,5,Engineer,2022-04-16,72291
158,Employee_158,3,Executive,2019-02-14,82063
159,Employee_159,6,Analyst,2019-10-13,22829
160,Employee_160,4,Executive,2021-11-12,36728
161,Employee_161,6,Engineer,2020-09-12,96969
162,Employee_162,4,Manager,2018-05-26,31302
163,Employee_163,5,Manager,2020-03-10,47665
164,Employee_164,1,Engineer,2019-05-22,40891
165,Employee_165,1,Engineer,2020-12-25,46332
166,Employee_166,6,Manager,2018-04-07,26986
167,Employee_167,4,Analyst,2024-02-12,59662
168,Employee_168,1,Manager,2019-03-15,54549
169,Employee_169,6,Executive,2022-04-23,108642
170,Employee_170,3,Manager,2021-07-27,84590
171,Employee_171,2,Analyst,2018-06-01,89549
172,Employee_172,1,Analyst,2020-12-28,89706
173,Employee_173,2,Engineer,2019-06-22,96612
174,Employee_174,3,Analyst,2018-08-10,81183
175,Employee_175,6,Executive,2020-06-22,24239
176,Employee_176,4,Engineer,2023-03-05,24505
177,Employee_177,2,Manager,2024-04-22,117155
178,Employee_178,4,Engineer,2019-09-14,119155
179,Employee_179,6,Analyst,2024-05-06,43804
180,Employee_180,1,Manager,2022-05-23,115330
181,Employee_181,5,Manager,2023-03-10,30380
182,Employee_182,1,Manager,2024-06-14,68980
183,Employee_183,1,Engineer,2019-12-30,41630
184,Employee_184,3,Executive,2023-08-23,73911
185,Employee_185,3,Analyst,2018-08-03,69416
186,Employee_186,4,Analyst,2022-08-22,88705
187,Employee_187,4,Analyst,2024-02-15,119152
188,Employee_188,1,Manager,2023-03-13,86546
189,Employee_189,6,Executive,2020-05-04,34709
190,Employee_190,1,Engineer,2023-09-19,41991
191,Employee_191,2,Manager,2022-03-20,36262
192,Employee_192,4,Manager,2024-01-23,51034
193,Employee_193,2,Manager,2024-07-11,81057
194,Employee_194,3,Engineer,2024-03-31,111081
195,Employee_195,3,Executive,2018-10-14,103267
196,Employee_196,3,Engineer,2020-08-11,71045
197,Employee_197,6,Engineer,2018-06-13,58826
198,Employee_198,4,Manager,2019-09-07,102700
199,Employee_199,2,Analyst,2019-11-10,20958
200,Employee_200,6,Analyst,2024-03-04,62066
201,Employee_201,3,Manager,2024-09-05,105842
202,Employee_202,4,Executive,2022-08-01,58495
203,Employee_203,4,Analyst,2023-02-08,76298
204,Employee_204,5,Analyst,2021-01-11,89508
205,Employee_205,2,Manager,2021-05-09,21349
206,Employee_206,2,Executive,2020-07-10,50287
207,Employee_207,4,Manager,2018-01-12,38894
208,Employee_208,1,Engineer,2019-01-12,86431
209,Employee_209,4,Manager,2022-02-23,65566
210,Employee_210,2,Engineer,2019-09-20,35173
211,Employee_211,6,Analyst,2020-10-11,20306
212,Employee_212,6,Manager,2023-04-29,79639
213,Employee_213,3,Engineer,2024-02-04,35424
214,Employee_214,6,Manager,2023-10-09,100075
215,Employee_215,2,Manager,2022-10-02,45139
216,Employee_216,3,Executive,2018-10-16,57337
217,Employee_217,4,Engineer,2018-06-02,46446
218,Employee_218,6,Engineer,2023-04-28,63235
219,Employee_219,1,Executive,2019-09-08,51459
220,Employee_220,6,Executive,2023-10-27,113810
221,Employee_221,3,Manager,2024-07-15,32625
222,Employee_222,3,Manager,2024-08-12,77486
223,Employee_223,5,Manager,2018-02-13,98609
224,Employee_224,4,Manager,2019-12-16,85275
225,Employee_225,5,Analyst,2021-10-07,39690
226,Employee_226,1,Manager,2024-06-04,119824
227,Employee_227,3,Executive,2019-04-30,59753
228,Employee_228,3,Analyst,2018-05-05,30909
229,Employee_229,1,Engineer,2021-07-30,51136
230,Employee_230,2,Executive,2021-04-25,36494
231,Employee_231,2,Executive,2020-01-08,69876
232,Employee_232,4,Engineer,2023-12-04,21232
233,Employee_233,5,Analyst,2022-08-06,82689
234,Employee_234,2,Manager,2024-03-27,117664
235,Employee_235,2,Engineer,2024-04-21,36561
236,Employee_236,1,Engineer,2020-05-11,22344
237,Employee_237,4,Executive,2018-06-05,48787
238,Employee_238,1,Analyst,2022-03-04,98642
239,Employee_239,4,Engineer,2021-03-06,84783
240,Employee_240,2,Executive,2018-02-09,68294
241,Employee_241,6,Analyst,2022-01-28,114676
242,Employee_242,2,Analyst,2024-09-12,71175
243,Employee_243,3,Analyst,2019-04-14,104727
244,Employee_244,3,Manager,2021-06-19,107916
245,Employee_245,5,Analyst,2018-06-23,65153
246,Employee_246,1,Manager,2020-09-29,118184
247,Employee_247,3,Manager,2023-10-03,20779
248,Employee_248,5,Manager,2021-09-23,113944
249,Employee_249,3,Analyst,2018-10-13,116495
250,Employee_250,5,Manager,2020-08-07,119359
251,Employee_251,3,Engineer,2022-10-31,100112
252,Employee_252,3,Analyst,2019-08-01,61690
253,Employee_253,5,Analyst,2020-02-25,104765
254,Employee_254,3,Engineer,2020-05-24,70115
255,Employee_255,3,Analyst,2018-01-16,74956
256,Employee_256,3,Executive,2022-06-12,119184
257,Employee_257,4,Analyst,2021-11-05,60474
258,Employee_258,2,Engineer,2022-10-22,81657
259,Employee_259,1,Manager,2024-02-09,84423
260,Employee_260,3,Analyst,2022-09-17,52708
261,Employee_261,2,Analyst,2022-12-01,56818
262,Employee_262,6,Executive,2022-04-06,60778
263,Employee_263,2,Manager,2019-02-15,82809
264,Employee_264,4,Manager,2023-07-23,41607
265,Employee_265,1,Analyst,2024-02-07,87952
266,Employee_266,3,Analyst,2021-04-02,42493
267,Employee_267,2,Manager,2022-08-24,112643
268,Employee_268,5,Manager,2019-05-02,26408
269,Employee_269,5,Analyst,2021-02-05,104637
270,Employee_270,6,Analyst,2020-01-18,87166
271,Employee_271,1,Manager,2019-05-16,36349
272,Employee_272,3,Analyst,2020-02-17,60656
273,Employee_273,1,Analyst,2021-05-25,37044
274,Employee_274,5,Manager,2019-10-20,30890
275,Employee_275,5,Manager,2022-04-02,62135
276,Employee_276,4,Analyst,2019-08-18,102273
277,Employee_277,2,Analyst,2022-02-08,80998
278,Employee_278,5,Executive,2019-06-25,50014
279,Employee_279,5,Analyst,2021-01-28,63821
280,Employee_280,1,Analyst,2023-01-07,106325
281,Employee_281,4,Analyst,2019-04-28,37530
282,Employee_282,2,Manager,2018-10-19,81413
283,Employee_283,3,Executive,2023-12-16,22111
284,Employee_284,1,Manager,2018-11-13,31826
285,Employee_285,4,Analyst,2019-02-14,100114
286,Employee_286,3,Executive,2019-08-06,104226
287,Employee_287,3,Engineer,2022-10-24,65286
288,Employee_288,4,Analyst,2023-09-28,69309
289,Employee_289,1,Analyst,2020-11-30,93462
290,Employee_290,6,Analyst,2021-02-01,48681
291,Employee_291,6,Executive,2020-06-05,103449
292,Employee_292,6,Executive,2019-10-30,112146
293,Employee_293,5,Engineer,2019-09-28,106866
294,Employee_294,1,Engineer,2019-11-30,106354
295,Employee_295,1,Analyst,2024-02-15,42368
296,Employee_296,6,Manager,2020-09-23,84339
297,Employee_297,6,Analyst,2018-05-22,75827
298,Employee_298,1,Executive,2024-05-20,106341
299,Employee_299,6,Executive,2019-02-17,92546
300,Employee_300,2,Manager,2023-05-21,61154
